<?xml version="1.0" encoding="UTF-8"?>
<beans xmlns="http://www.springframework.org/schema/beans"
	xmlns:xsi="http://www.w3.org/2001/XMLSchema-instance"
	xmlns:context="http://www.springframework.org/schema/context"
	xmlns:jdbc="http://www.springframework.org/schema/jdbc"
	xmlns:mvc="http://www.springframework.org/schema/mvc"
	xsi:schemaLocation="http://www.springframework.org/schema/beans http://www.springframework.org/schema/beans/spring-beans.xsd
		http://www.springframework.org/schema/context http://www.springframework.org/schema/context/spring-context-4.3.xsd
		http://www.springframework.org/schema/jdbc http://www.springframework.org/schema/jdbc/spring-jdbc-4.3.xsd
		http://www.springframework.org/schema/mvc http://www.springframework.org/schema/mvc/spring-mvc-4.3.xsd">
<!-- <bean id="dataSource"
		class="org.springframework.jdbc.datasource.SimpleDriverDataSource">
		<property name="driverClass"
			value="oracle.jdbc.driver.OracleDriver">
		</property>
		<property name="url" value="jdbc:oracle:thin:@localhost:1521:xe"></property>
		<property name="username" value="hr"></property>
		<property name="password" value="hr"></property>
	</bean> 
-->

	

	<!-- <context:annotation-config/> -->
	<context:component-scan base-package="com.my.repository"></context:component-scan>
	<context:component-scan base-package="com.my.service"></context:component-scan>
	<context:component-scan base-package="com.my.control"></context:component-scan>
	<mvc:view-resolvers>
		<mvc:jsp prefix="/WEB-INF/jsp/" suffix=".jsp"/>
	</mvc:view-resolvers>
	<context:annotation-config></context:annotation-config>
	<mvc:annotation-driven></mvc:annotation-driven>
	<bean id="hikariConfig" class="com.zaxxer.hikari.HikariConfig">
		<property name="driverClassName"
			value="oracle.jdbc.driver.OracleDriver">
		</property>
		<property name="jdbcUrl"
			value="jdbc:oracle:thin:@localhost:1521:xe">
		</property>
		<property name="username" value="hr"></property>
		<property name="password" value="hr"></property>
		<property name="minimumIdle" value="3"/>		
	</bean>
	<bean id="dataSource" class="com.zaxxer.hikari.HikariDataSource">
		<constructor-arg ref="hikariConfig"/>
	</bean>	
	<bean id="sqlSessionFactory" class="org.mybatis.spring.SqlSessionFactoryBean">
		<property name="configLocation" value="classpath:mybatisConf/mybatis-config.xml"></property>
		 <property name="dataSource" ref="dataSource"></property>
	</bean>
</beans>
