<?xml version="1.0" encoding="UTF-8"?>
<beans xmlns="http://www.springframework.org/schema/beans"
	xmlns:xsi="http://www.w3.org/2001/XMLSchema-instance"
	xmlns:context="http://www.springframework.org/schema/context"
	xsi:schemaLocation="http://www.springframework.org/schema/beans http://www.springframework.org/schema/beans/spring-beans.xsd
		http://www.springframework.org/schema/context http://www.springframework.org/schema/context/spring-context-4.3.xsd">

	<context:component-scan base-package="com.my.dto"></context:component-scan>
	<context:component-scan base-package="com.my.repository"></context:component-scan>
	<bean id="hikariConfig" class="com.zaxxer.hikari.HikariConfig">
		<property name="driverClassName"
			value="oracle.jdbc.driver.OracleDriver">
		</property>
		<property name="jdbcUrl"
			value="jdbc:oracle:thin:@localhost:1521:xe">
		</property>
		<property name="username" value="hr"></property>
		<property name="password" value="hr"></property>
		<property name="minimumIdle" value="3"/>		
	</bean>
	<bean id="dataSource" class="com.zaxxer.hikari.HikariDataSource">
		<constructor-arg ref="hikariConfig"/>
	</bean>	
	<bean id="sqlSessionFactory" class="org.mybatis.spring.SqlSessionFactoryBean">
		<property name="configLocation" value="classpath:mybatisConf/mybatis-config.xml"></property>
		<property name="dataSource" ref="dataSource"></property>
	</bean>
</beans>
