<?xml version="1.0" encoding="UTF-8"?>
<beans xmlns="http://www.springframework.org/schema/beans"
	xmlns:xsi="http://www.w3.org/2001/XMLSchema-instance"
	xmlns:context="http://www.springframework.org/schema/context"
	xmlns:jdbc="http://www.springframework.org/schema/jdbc"
	xmlns:mvc="http://www.springframework.org/schema/mvc"
	xsi:schemaLocation="http://www.springframework.org/schema/beans http://www.springframework.org/schema/beans/spring-beans.xsd
		http://www.springframework.org/schema/context http://www.springframework.org/schema/context/spring-context-4.3.xsd
		http://www.springframework.org/schema/jdbc http://www.springframework.org/schema/jdbc/spring-jdbc-4.3.xsd
		http://www.springframework.org/schema/mvc http://www.springframework.org/schema/mvc/spring-mvc-4.3.xsd">


	<bean id="dataSource"
		class="org.springframework.jdbc.datasource.SimpleDriverDataSource">
	<property name="driverClass"
		value="oracle.jdbc.driver.OracleDriver">
	</property>
	<property name="url" value="jdbc:oracle:thin:@localhost:1521:xe"></property>
	<property name="username" value="hr"></property>
	<property name="password" value="hr"></property>
	</bean>
	<context:component-scan base-package="com.my.repository"></context:component-scan>
	<context:component-scan base-package="com.my.service"></context:component-scan>
	<context:component-scan base-package="com.my.control"></context:component-scan>
</beans>
