<?xml version="1.0" encoding="UTF-8" ?>
<!DOCTYPE configuration
  PUBLIC "-//mybatis.org//DTD Config 3.0//EN"
  "http://mybatis.org/dtd/mybatis-3-config.dtd">
<configuration>
  <settings>
    <setting name="jdbcTypeForNull" value="NULL"/>
    <setting name="mapUnderscoreToCamelCase" value="true" />
  </settings>	
  <typeAliases>
    <typeAlias type="com.my.dto.Board" alias="Board"/>
  </typeAliases>

  <mappers>
    <mapper resource="mybatisConf/BoardMapper.xml" />
  </mappers>
</configuration>