<?xml version="1.0" encoding="UTF-8" ?>
<!DOCTYPE configuration
  PUBLIC "-//mybatis.org//DTD Config 3.0//EN"
  "http://mybatis.org/dtd/mybatis-3-config.dtd">
<configuration>
  <settings>
    <setting name="jdbcTypeForNull" value="NULL"/>
    <setting name="mapUnderscoreToCamelCase" value="true" />
  </settings>	
  <typeAliases>
    <typeAlias type="com.my.dto.Customer" alias="Customer"/>
    <typeAlias type="com.my.dto.Product" alias="Product"/>
    <typeAlias type="com.my.dto.OrderInfo" alias="OrderInfo"/>
    <typeAlias type="com.my.dto.OrderLine" alias="OrderLine"/>
  </typeAliases>
  <!-- <environments default="development">
    <environment id="development">
      <transactionManager type="JDBC"/>
      <dataSource type="POOLED">
        <property name="driver" value="${driver}"/>
        <property name="url" value="${url}"/>
        <property name="username" value="${username}"/>
        <property name="password" value="${password}"/>
      </dataSource>
    </environment>
  </environments> -->
  <mappers>
    <mapper resource="mybatisConf/CustomerMapper.xml"/>
    <mapper resource="mybatisConf/ProductMapper.xml"/>
    <mapper resource="mybatisConf/OrderMapper.xml" />
  </mappers>
</configuration>